data,dia_semana,milhar_1,cabeca_1,bicho_nome_1,bicho_numero_1,milhar_2,cabeca_2,bicho_nome_2,bicho_numero_2,milhar_3,cabeca_3,bicho_nome_3,bicho_numero_3,milhar_4,cabeca_4,bicho_nome_4,bicho_numero_4,milhar_5,cabeca_5,bicho_nome_5,bicho_numero_5,milhar_6,cabeca_6,bicho_nome_6,bicho_numero_6,milhar_7,cabeca_7,bicho_nome_7,bicho_numero_7,milhar_8,cabeca_8,bicho_nome_8,bicho_numero_8,milhar_9,cabeca_9,bicho_nome_9,bicho_numero_9,milhar_10,cabeca_10,bicho_nome_10,bicho_numero_10
2026-09-13,domingo,7581,75,Touro,21,3195,31,Veado,24,3246,32,Elefante,12,7216,72,Borboleta,4,8016,80,Borboleta,4,8819,88,Cachorro,5,0676,06,Pavâo,19,8498,84,Vaca,25,1071,10,Porco,18,4071,40,Porco,18
2026-09-12,sábado,8689,86,Urso,23,3403,34,Avestruz,1,2726,27,Carneiro,7,6784,67,Touro,21,8762,87,Leâo,16,8632,86,Camelo,8,5099,50,Vaca,25,8615,86,Borboleta,4,7265,72,Macaco,17,2347,23,Elefante,12
2026-09-11,sexta-feira,8964,89,Leâo,16,3834,38,Cobra,9,1356,13,Gato,14,0639,06,Coelho,10,2941,29,Cavalo,11,7852,78,Galo,13,7358,73,Jacaré,15,1531,15,Camelo,8,8973,89,Pavâo,19,4247,42,Elefante,12
2026-09-10,quinta-feira,6965,69,Macaco,17,0448,04,Elefante,12,2309,23,Burro,3,1526,15,Carneiro,7,8690,86,Urso,23,9747,97,Elefante,12,1716,17,Borboleta,4,8726,87,Carneiro,7,8905,89,Águia,2,8905,89,Águia,2
2026-09-09,quarta-feira,2071,20,Porco,18,8204,82,Avestruz,1,2171,21,Porco,18,7974,79,Pavâo,19,1918,19,Cachorro,5,3546,35,Elefante,12,5184,51,Touro,21,9117,91,Cachorro,5,8366,83,Macaco,17,1927,19,Carneiro,7
2026-09-08,terça-feira,3583,35,Touro,21,9266,92,Macaco,17,5223,52,Cabra,6,5334,53,Cobra,9,2785,27,Tigre,22,0676,06,Pavâo,19,2565,25,Macaco,17,9625,96,Carneiro,7,5940,59,Coelho,10,3832,38,Camelo,8
2026-09-07,segunda-feira,7409,74,Burro,3,4659,46,Jacaré,15,9840,98,Coelho,10,3291,32,Urso,23,1955,19,Gato,14,1210,12,Burro,3,1643,16,Cavalo,11,8752,87,Galo,13,4915,49,Borboleta,4,3228,32,Carneiro,7
2026-09-06,domingo,6490,64,Urso,23,0713,07,Borboleta,4,9784,97,Touro,21,6698,66,Vaca,25,5951,59,Galo,13,8065,80,Macaco,17,6663,66,Leâo,16,6712,67,Burro,3,7311,73,Burro,3,1655,16,Gato,14
2026-09-05,sábado,4673,46,Pavâo,19,2259,22,Jacaré,15,1651,16,Galo,13,1330,13,Camelo,8,7571,75,Porco,18,0386,03,Tigre,22,9875,98,Pavâo,19,3439,34,Coelho,10,3732,37,Camelo,8,2483,24,Touro,21
2026-09-04,sexta-feira,0083,00,Touro,21,1613,16,Borboleta,4,7955,79,Gato,14,8539,85,Coelho,10,9752,97,Galo,13,2253,22,Gato,14,7076,70,Pavâo,19,7922,79,Cabra,6,0058,00,Jacaré,15,7870,78,Porco,18
2026-09-03,quinta-feira,1238,12,Coelho,10,9815,98,Borboleta,4,2529,25,Camelo,8,1970,19,Porco,18,7352,73,Galo,13,9750,97,Galo,13,1942,19,Cavalo,11,6930,69,Camelo,8,7911,79,Burro,3,7785,77,Tigre,22
2026-09-02,quarta-feira,2589,25,Urso,23,4321,43,Cabra,6,3954,39,Gato,14,0272,02,Porco,18,7024,70,Cabra,6,7066,70,Macaco,17,4005,40,Águia,2,4958,49,Jacaré,15,4530,45,Camelo,8,9609,96,Burro,3
2026-09-01,terça-feira,2199,21,Vaca,25,2544,25,Cavalo,11,7749,77,Galo,13,2912,29,Burro,3,9948,99,Elefante,12,5195,51,Veado,24,0183,01,Touro,21,6034,60,Cobra,9,7750,77,Galo,13,2745,27,Elefante,12
2026-08-31,segunda-feira,0404,04,Avestruz,1,0849,08,Galo,13,9205,92,Águia,2,2618,26,Cachorro,5,6701,67,Avestruz,1,4642,46,Cavalo,11,9645,96,Elefante,12,3869,38,Porco,18,3738,37,Coelho,10,4358,43,Jacaré,15
2026-08-30,domingo,6123,61,Cabra,6,8227,82,Carneiro,7,8966,89,Macaco,17,9604,96,Avestruz,1,2080,20,Peru,20,6954,69,Gato,14,5641,56,Cavalo,11,2730,27,Camelo,8,9458,94,Jacaré,15,4237,42,Coelho,10
2026-08-29,sábado,6307,63,Águia,2,8510,85,Burro,3,4749,47,Galo,13,8444,84,Cavalo,11,8948,89,Elefante,12,4924,49,Cabra,6,3740,37,Coelho,10,0227,02,Carneiro,7,9426,94,Carneiro,7,0810,08,Burro,3
2026-08-28,sexta-feira,1874,18,Pavâo,19,6583,65,Touro,21,3245,32,Elefante,12,1146,11,Elefante,12,5196,51,Veado,24,9320,93,Cachorro,5,1223,12,Cabra,6,8277,82,Peru,20,3556,35,Gato,14,2310,23,Burro,3
2026-08-27,quinta-feira,1137,11,Coelho,10,7727,77,Carneiro,7,6206,62,Águia,2,2126,21,Carneiro,7,4668,46,Macaco,17,6358,63,Jacaré,15,1707,17,Águia,2,1829,18,Camelo,8,8872,88,Porco,18,2791,27,Urso,23
2026-08-26,quarta-feira,0138,01,Coelho,10,7249,72,Galo,13,4720,47,Cachorro,5,4958,49,Jacaré,15,2307,23,Águia,2,3491,34,Urso,23,5845,58,Elefante,12,5507,55,Águia,2,7729,77,Camelo,8,4896,48,Veado,24
2026-08-25,terça-feira,3013,30,Borboleta,4,5279,52,Peru,20,2857,28,Jacaré,15,7803,78,Avestruz,1,4156,41,Gato,14,2735,27,Cobra,9,9167,91,Macaco,17,7065,70,Macaco,17,4642,46,Cavalo,11,5081,50,Touro,21
2026-08-24,segunda-feira,4812,48,Burro,3,7558,75,Jacaré,15,6816,68,Borboleta,4,6226,62,Carneiro,7,5910,59,Burro,3,6883,68,Touro,21,3292,32,Urso,23,3184,31,Touro,21,2978,29,Peru,20,1341,13,Cavalo,11
2026-08-23,domingo,3266,32,Macaco,17,8168,81,Macaco,17,1596,15,Veado,24,7455,74,Gato,14,2802,28,Avestruz,1,4192,41,Urso,23,0253,02,Gato,14,5583,55,Touro,21,8136,81,Cobra,9,3459,34,Jacaré,15
2026-08-22,sábado,8480,84,Peru,20,6092,60,Urso,23,9667,96,Macaco,17,4814,48,Borboleta,4,7296,72,Veado,24,4120,41,Cachorro,5,5833,58,Cobra,9,9186,91,Tigre,22,0210,02,Burro,3,3242,32,Cavalo,11
2026-08-21,sexta-feira,2839,28,Coelho,10,0958,09,Jacaré,15,0395,03,Veado,24,8081,80,Touro,21,8800,88,Vaca,25,5156,51,Gato,14,2283,22,Touro,21,4081,40,Touro,21,4915,49,Borboleta,4,6076,60,Pavâo,19
2026-08-20,quinta-feira,3566,35,Macaco,17,3685,36,Tigre,22,1530,15,Camelo,8,1844,18,Cavalo,11,4027,40,Carneiro,7,0157,01,Jacaré,15,8851,88,Galo,13,8003,80,Avestruz,1,9847,98,Elefante,12,6657,66,Jacaré,15
2026-08-19,quarta-feira,0851,08,Galo,13,0761,07,Leâo,16,7628,76,Carneiro,7,1003,10,Avestruz,1,7136,71,Cobra,9,4062,40,Leâo,16,0016,00,Borboleta,4,6751,67,Galo,13,8361,83,Leâo,16,9590,95,Urso,23
2026-08-18,terça-feira,7241,72,Cavalo,11,6647,66,Elefante,12,9049,90,Galo,13,8944,89,Cavalo,11,7014,70,Borboleta,4,2430,24,Camelo,8,3069,30,Porco,18,9455,94,Gato,14,7262,72,Leâo,16,8042,80,Cavalo,11
2026-08-17,segunda-feira,1951,19,Galo,13,3080,30,Peru,20,7264,72,Leâo,16,7687,76,Tigre,22,1425,14,Carneiro,7,0674,06,Pavâo,19,7098,70,Vaca,25,4723,47,Cabra,6,4751,47,Galo,13,9690,96,Urso,23
2026-08-16,domingo,9253,92,Gato,14,1393,13,Veado,24,7750,77,Galo,13,6133,61,Cobra,9,9557,95,Jacaré,15,3538,35,Coelho,10,7604,76,Avestruz,1,1102,11,Avestruz,1,9603,96,Avestruz,1,5566,55,Macaco,17
2026-08-15,sábado,1740,17,Coelho,10,9756,97,Gato,14,1716,17,Borboleta,4,1194,11,Veado,24,5929,59,Camelo,8,1022,10,Cabra,6,5844,58,Cavalo,11,4331,43,Camelo,8,2721,27,Cabra,6,4432,44,Camelo,8
2026-08-14,sexta-feira,7887,78,Tigre,22,0296,02,Veado,24,4109,41,Burro,3,6557,65,Jacaré,15,6799,67,Vaca,25,2147,21,Elefante,12,6896,68,Veado,24,0595,05,Veado,24,8013,80,Borboleta,4,8905,89,Águia,2
2026-08-13,quinta-feira,1356,13,Gato,14,7709,77,Burro,3,9865,98,Macaco,17,3034,30,Cobra,9,8036,80,Cobra,9,6596,65,Veado,24,4594,45,Veado,24,9426,94,Carneiro,7,5458,54,Jacaré,15,0601,06,Avestruz,1
2026-08-12,quarta-feira,6898,68,Vaca,25,2723,27,Cabra,6,7474,74,Pavâo,19,2029,20,Camelo,8,4422,44,Cabra,6,1592,15,Urso,23,6795,67,Veado,24,7061,70,Leâo,16,8370,83,Porco,18,7802,78,Avestruz,1
2026-08-11,terça-feira,8394,83,Veado,24,2089,20,Urso,23,8514,85,Borboleta,4,0924,09,Cabra,6,4337,43,Coelho,10,2485,24,Tigre,22,0141,01,Cavalo,11,0531,05,Camelo,8,5166,51,Macaco,17,2888,28,Tigre,22
2026-08-10,segunda-feira,1915,19,Borboleta,4,7900,79,Vaca,25,9299,92,Vaca,25,6222,62,Cabra,6,5622,56,Cabra,6,8312,83,Burro,3,9762,97,Leâo,16,8820,88,Cachorro,5,2776,27,Pavâo,19,0666,06,Macaco,17
2026-08-09,domingo,2020,20,Cachorro,5,3463,34,Leâo,16,8262,82,Leâo,16,6356,63,Gato,14,0555,05,Gato,14,1855,18,Gato,14,4253,42,Gato,14,8110,81,Burro,3,7898,78,Vaca,25,9224,92,Cabra,6
2026-08-08,sábado,4002,40,Avestruz,1,4276,42,Pavâo,19,5419,54,Cachorro,5,6331,63,Camelo,8,9841,98,Cavalo,11,4299,42,Vaca,25,0666,06,Macaco,17,7463,74,Leâo,16,6851,68,Galo,13,1559,15,Jacaré,15
2026-08-07,sexta-feira,9118,91,Cachorro,5,6803,68,Avestruz,1,3945,39,Elefante,12,3716,37,Borboleta,4,8358,83,Jacaré,15,6338,63,Coelho,10,8111,81,Burro,3,9860,98,Jacaré,15,5607,56,Águia,2,4023,40,Cabra,6
2026-08-06,quinta-feira,3349,33,Galo,13,7120,71,Cachorro,5,6409,64,Burro,3,7628,76,Carneiro,7,8671,86,Porco,18,5218,52,Cachorro,5,2321,23,Cabra,6,3118,31,Cachorro,5,2954,29,Gato,14,8515,85,Borboleta,4
2026-08-05,quarta-feira,8241,82,Cavalo,11,0139,01,Coelho,10,4550,45,Galo,13,9489,94,Urso,23,5291,52,Urso,23,2722,27,Cabra,6,2020,20,Cachorro,5,1759,17,Jacaré,15,1077,10,Peru,20,6854,68,Gato,14
2026-08-04,terça-feira,0494,04,Veado,24,2096,20,Veado,24,8690,86,Urso,23,5891,58,Urso,23,5347,53,Elefante,12,3943,39,Cavalo,11,8753,87,Gato,14,8578,85,Peru,20,2159,21,Jacaré,15,7304,73,Avestruz,1
2026-08-03,segunda-feira,2699,26,Vaca,25,3761,37,Leâo,16,5402,54,Avestruz,1,2600,26,Vaca,25,8629,86,Camelo,8,3089,30,Urso,23,7912,79,Burro,3,5464,54,Leâo,16,4675,46,Pavâo,19,7269,72,Porco,18
2026-08-02,domingo,8120,81,Cachorro,5,0687,06,Tigre,22,7228,72,Carneiro,7,0191,01,Urso,23,5816,58,Borboleta,4,6412,64,Burro,3,6996,69,Veado,24,3959,39,Jacaré,15,9923,99,Cabra,6,4174,41,Pavâo,19
2026-08-01,sábado,8846,88,Elefante,12,6920,69,Cachorro,5,2263,22,Leâo,16,7658,76,Jacaré,15,6021,60,Cabra,6,0871,08,Porco,18,4344,43,Cavalo,11,8335,83,Cobra,9,4754,47,Gato,14,9914,99,Borboleta,4
2026-07-31,sexta-feira,3148,31,Elefante,12,4937,49,Coelho,10,0461,04,Leâo,16,1980,19,Peru,20,8717,87,Cachorro,5,7313,73,Borboleta,4,0552,05,Galo,13,6872,68,Porco,18,4363,43,Leâo,16,5517,55,Cachorro,5
2026-07-30,quinta-feira,1004,10,Avestruz,1,8265,82,Macaco,17,5767,57,Macaco,17,9169,91,Porco,18,3621,36,Cabra,6,2903,29,Avestruz,1,4896,48,Veado,24,1909,19,Burro,3,2894,28,Veado,24,5780,57,Peru,20
2026-07-29,quarta-feira,1413,14,Borboleta,4,4956,49,Gato,14,3272,32,Porco,18,0312,03,Burro,3,6829,68,Camelo,8,8905,89,Águia,2,5587,55,Tigre,22,1928,19,Carneiro,7,9561,95,Leâo,16,7084,70,Touro,21
2026-07-28,terça-feira,1251,12,Galo,13,8939,89,Coelho,10,5170,51,Porco,18,1674,16,Pavâo,19,6209,62,Burro,3,9467,94,Macaco,17,3529,35,Camelo,8,8474,84,Pavâo,19,0759,07,Jacaré,15,2691,26,Urso,23
2026-07-27,segunda-feira,1478,14,Peru,20,3421,34,Cabra,6,4129,41,Camelo,8,1241,12,Cavalo,11,2678,26,Peru,20,2752,27,Galo,13,0057,00,Jacaré,15,1317,13,Cachorro,5,4238,42,Coelho,10,6654,66,Gato,14
2026-07-26,domingo,0381,03,Touro,21,2016,20,Borboleta,4,3191,31,Urso,23,8537,85,Coelho,10,4272,42,Porco,18,8393,83,Veado,24,1450,14,Galo,13,6858,68,Jacaré,15,9621,96,Cabra,6,1677,16,Peru,20
2026-07-25,sábado,1954,19,Gato,14,8765,87,Macaco,17,3001,30,Avestruz,1,5025,50,Carneiro,7,6561,65,Leâo,16,5560,55,Jacaré,15,4781,47,Touro,21,6339,63,Coelho,10,5632,56,Camelo,8,8007,80,Águia,2
2026-07-24,sexta-feira,4121,41,Cabra,6,2126,21,Carneiro,7,8416,84,Borboleta,4,7903,79,Avestruz,1,6956,69,Gato,14,1439,14,Coelho,10,2552,25,Galo,13,8785,87,Tigre,22,6388,63,Tigre,22,2717,27,Cachorro,5
2026-07-23,quinta-feira,3331,33,Camelo,8,1431,14,Camelo,8,7739,77,Coelho,10,1418,14,Cachorro,5,2714,27,Borboleta,4,1366,13,Macaco,17,7321,73,Cabra,6,6536,65,Cobra,9,8563,85,Leâo,16,0798,07,Vaca,25
2026-07-22,quarta-feira,1412,14,Burro,3,9133,91,Cobra,9,7139,71,Coelho,10,5528,55,Carneiro,7,7753,77,Gato,14,7269,72,Porco,18,4793,47,Veado,24,4629,46,Camelo,8,4363,43,Leâo,16,2081,20,Touro,21
2026-07-21,terça-feira,4973,49,Pavâo,19,8458,84,Jacaré,15,6103,61,Avestruz,1,4152,41,Galo,13,6443,64,Cavalo,11,3864,38,Leâo,16,1013,10,Borboleta,4,6915,69,Borboleta,4,0165,01,Macaco,17,4404,44,Avestruz,1
2026-07-20,segunda-feira,5653,56,Gato,14,8799,87,Vaca,25,3688,36,Tigre,22,5177,51,Peru,20,7706,77,Águia,2,6287,62,Tigre,22,3923,39,Cabra,6,8431,84,Camelo,8,9981,99,Touro,21,1497,14,Vaca,25
2026-07-19,domingo,9018,90,Cachorro,5,3086,30,Tigre,22,2305,23,Águia,2,0790,07,Urso,23,9070,90,Porco,18,1096,10,Veado,24,6699,66,Vaca,25,1002,10,Avestruz,1,9401,94,Avestruz,1,2771,27,Porco,18
2026-07-18,sábado,7285,72,Tigre,22,1170,11,Porco,18,1473,14,Pavâo,19,2654,26,Gato,14,6295,62,Veado,24,9804,98,Avestruz,1,3155,31,Gato,14,7299,72,Vaca,25,2165,21,Macaco,17,6314,63,Borboleta,4
2026-07-17,sexta-feira,2789,27,Urso,23,9974,99,Pavâo,19,4837,48,Coelho,10,4120,41,Cachorro,5,1386,13,Tigre,22,1922,19,Cabra,6,0447,04,Elefante,12,6211,62,Burro,3,8069,80,Porco,18,6950,69,Galo,13
2026-07-16,quinta-feira,4156,41,Gato,14,6118,61,Cachorro,5,6393,63,Veado,24,9896,98,Veado,24,2061,20,Leâo,16,8577,85,Peru,20,2277,22,Peru,20,5601,56,Avestruz,1,8663,86,Leâo,16,5267,52,Macaco,17
2026-07-15,quarta-feira,1651,16,Galo,13,1890,18,Urso,23,8918,89,Cachorro,5,3110,31,Burro,3,0013,00,Borboleta,4,9145,91,Elefante,12,1201,12,Avestruz,1,1273,12,Pavâo,19,1905,19,Águia,2,1041,10,Cavalo,11
2026-07-14,terça-feira,7811,78,Burro,3,9539,95,Coelho,10,0471,04,Porco,18,9112,91,Burro,3,2339,23,Coelho,10,6405,64,Águia,2,0299,02,Vaca,25,9789,97,Urso,23,5518,55,Cachorro,5,3166,31,Macaco,17
2026-07-13,segunda-feira,5802,58,Avestruz,1,2650,26,Galo,13,5864,58,Leâo,16,1761,17,Leâo,16,3731,37,Camelo,8,3142,31,Cavalo,11,8523,85,Cabra,6,4802,48,Avestruz,1,4790,47,Urso,23,8902,89,Avestruz,1
2026-07-12,domingo,5897,58,Vaca,25,5433,54,Cobra,9,0654,06,Gato,14,9542,95,Cavalo,11,1797,17,Vaca,25,0589,05,Urso,23,2846,28,Elefante,12,6606,66,Águia,2,0664,06,Leâo,16,8616,86,Borboleta,4
2026-07-11,sábado,5764,57,Leâo,16,9455,94,Gato,14,8138,81,Coelho,10,9155,91,Gato,14,7481,74,Touro,21,3213,32,Borboleta,4,3142,31,Cavalo,11,1908,19,Águia,2,5935,59,Cobra,9,9845,98,Elefante,12
2026-07-10,sexta-feira,0112,01,Burro,3,7473,74,Pavâo,19,2537,25,Coelho,10,0370,03,Porco,18,5910,59,Burro,3,6685,66,Tigre,22,6712,67,Burro,3,4115,41,Borboleta,4,4219,42,Cachorro,5,6507,65,Águia,2
2026-07-09,quinta-feira,2496,24,Veado,24,5204,52,Avestruz,1,2952,29,Galo,13,1521,15,Cabra,6,0716,07,Borboleta,4,7610,76,Burro,3,2430,24,Camelo,8,9172,91,Porco,18,6548,65,Elefante,12,6550,65,Galo,13
2026-07-08,quarta-feira,0961,09,Leâo,16,5034,50,Cobra,9,0208,02,Águia,2,7343,73,Cavalo,11,4612,46,Burro,3,8558,85,Jacaré,15,5098,50,Vaca,25,1551,15,Galo,13,1032,10,Camelo,8,2449,24,Galo,13
2026-07-07,terça-feira,7678,76,Peru,20,2549,25,Galo,13,1725,17,Carneiro,7,2843,28,Cavalo,11,9568,95,Macaco,17,3721,37,Cabra,6,7783,77,Touro,21,3091,30,Urso,23,6170,61,Porco,18,7019,70,Cachorro,5
2026-07-06,segunda-feira,8519,85,Cachorro,5,9375,93,Pavâo,19,6882,68,Touro,21,9733,97,Cobra,9,7176,71,Pavâo,19,7607,76,Águia,2,0897,08,Vaca,25,8137,81,Coelho,10,9898,98,Vaca,25,0806,08,Águia,2
2026-07-05,domingo,0341,03,Cavalo,11,6218,62,Cachorro,5,5596,55,Veado,24,8046,80,Elefante,12,1452,14,Galo,13,1065,10,Macaco,17,5264,52,Leâo,16,5939,59,Coelho,10,5028,50,Carneiro,7,5481,54,Touro,21
2026-07-04,sábado,5720,57,Cachorro,5,3711,37,Burro,3,6671,66,Porco,18,4326,43,Carneiro,7,0452,04,Galo,13,6668,66,Macaco,17,1068,10,Macaco,17,9640,96,Coelho,10,6515,65,Borboleta,4,8314,83,Borboleta,4
2026-07-03,sexta-feira,6946,69,Elefante,12,8193,81,Veado,24,4315,43,Borboleta,4,6094,60,Veado,24,7860,78,Jacaré,15,7108,71,Águia,2,9122,91,Cabra,6,2206,22,Águia,2,6644,66,Cavalo,11,6289,62,Urso,23
2026-07-02,quinta-feira,2712,27,Burro,3,0038,00,Coelho,10,0897,08,Vaca,25,9987,99,Tigre,22,7959,79,Jacaré,15,8768,87,Macaco,17,8861,88,Leâo,16,3277,32,Peru,20,8328,83,Carneiro,7,6923,69,Cabra,6
2026-07-01,quarta-feira,9184,91,Touro,21,2593,25,Veado,24,3646,36,Elefante,12,8723,87,Cabra,6,6367,63,Macaco,17,4581,45,Touro,21,8857,88,Jacaré,15,2312,23,Burro,3,3425,34,Carneiro,7,7021,70,Cabra,6
2026-06-30,terça-feira,0420,04,Cachorro,5,9981,99,Touro,21,1796,17,Veado,24,2181,21,Touro,21,3667,36,Macaco,17,4984,49,Touro,21,4876,48,Pavâo,19,0791,07,Urso,23,4528,45,Carneiro,7,7382,73,Touro,21
2026-06-29,segunda-feira,2992,29,Urso,23,3650,36,Galo,13,6496,64,Veado,24,4003,40,Avestruz,1,6472,64,Porco,18,1085,10,Tigre,22,8737,87,Coelho,10,8091,80,Urso,23,4737,47,Coelho,10,1776,17,Pavâo,19
2026-06-28,domingo,2424,24,Cabra,6,2298,22,Vaca,25,4833,48,Cobra,9,8654,86,Gato,14,0959,09,Jacaré,15,4942,49,Cavalo,11,1065,10,Macaco,17,3132,31,Camelo,8,6371,63,Porco,18,7242,72,Cavalo,11
2026-06-27,sábado,7596,75,Veado,24,3639,36,Coelho,10,0834,08,Cobra,9,1914,19,Borboleta,4,2387,23,Tigre,22,4351,43,Galo,13,2271,22,Porco,18,5013,50,Borboleta,4,7157,71,Jacaré,15,3788,37,Tigre,22
2026-06-26,sexta-feira,2807,28,Águia,2,5757,57,Jacaré,15,1441,14,Cavalo,11,8070,80,Porco,18,3685,36,Tigre,22,5236,52,Cobra,9,1304,13,Avestruz,1,7855,78,Gato,14,2404,24,Avestruz,1,1362,13,Leâo,16
2026-06-25,quinta-feira,1673,16,Pavâo,19,2764,27,Leâo,16,9864,98,Leâo,16,9131,91,Camelo,8,8456,84,Gato,14,1441,14,Cavalo,11,1756,17,Gato,14,1157,11,Jacaré,15,2795,27,Veado,24,8621,86,Cabra,6
2026-06-24,quarta-feira,9976,99,Pavâo,19,7265,72,Macaco,17,7874,78,Pavâo,19,3042,30,Cavalo,11,6815,68,Borboleta,4,5941,59,Cavalo,11,7860,78,Jacaré,15,3257,32,Jacaré,15,0358,03,Jacaré,15,0726,07,Carneiro,7
2026-06-23,terça-feira,1798,17,Vaca,25,4705,47,Águia,2,0328,03,Carneiro,7,0937,09,Coelho,10,3936,39,Cobra,9,4610,46,Burro,3,2557,25,Jacaré,15,9458,94,Jacaré,15,3325,33,Carneiro,7,6432,64,Camelo,8
2026-06-22,segunda-feira,3002,30,Avestruz,1,2946,29,Elefante,12,9426,94,Carneiro,7,8730,87,Camelo,8,5891,58,Urso,23,1716,17,Borboleta,4,7395,73,Veado,24,0660,06,Jacaré,15,1574,15,Pavâo,19,6049,60,Galo,13
2026-06-21,domingo,0343,03,Cavalo,11,8862,88,Leâo,16,7653,76,Gato,14,6976,69,Pavâo,19,4722,47,Cabra,6,8574,85,Pavâo,19,2858,28,Jacaré,15,3368,33,Macaco,17,9518,95,Cachorro,5,0067,00,Macaco,17
2026-06-20,sábado,6592,65,Urso,23,4387,43,Tigre,22,9533,95,Cobra,9,5977,59,Peru,20,4108,41,Águia,2,8051,80,Galo,13,2288,22,Tigre,22,9118,91,Cachorro,5,9218,92,Cachorro,5,8930,89,Camelo,8
2026-06-19,sexta-feira,9985,99,Tigre,22,0138,01,Coelho,10,7365,73,Macaco,17,9467,94,Macaco,17,0250,02,Galo,13,2493,24,Veado,24,9519,95,Cachorro,5,2979,29,Peru,20,0175,01,Pavâo,19,6858,68,Jacaré,15
2026-06-18,quinta-feira,8403,84,Avestruz,1,0515,05,Borboleta,4,7197,71,Vaca,25,4417,44,Cachorro,5,1912,19,Burro,3,5715,57,Borboleta,4,1577,15,Peru,20,5310,53,Burro,3,1869,18,Porco,18,3142,31,Cavalo,11
2026-06-17,quarta-feira,4540,45,Coelho,10,9766,97,Macaco,17,6619,66,Cachorro,5,0419,04,Cachorro,5,5837,58,Coelho,10,0593,05,Veado,24,0078,00,Peru,20,0152,01,Galo,13,7457,74,Jacaré,15,6955,69,Gato,14
2026-06-16,terça-feira,5930,59,Camelo,8,0398,03,Vaca,25,2337,23,Coelho,10,6298,62,Vaca,25,1261,12,Leâo,16,4074,40,Pavâo,19,2132,21,Camelo,8,2296,22,Veado,24,5493,54,Veado,24,2316,23,Borboleta,4
2026-06-15,segunda-feira,4091,40,Urso,23,0642,06,Cavalo,11,3998,39,Vaca,25,9875,98,Pavâo,19,6913,69,Borboleta,4,4301,43,Avestruz,1,4696,46,Veado,24,7490,74,Urso,23,0299,02,Vaca,25,3466,34,Macaco,17
2026-06-14,domingo,4790,47,Urso,23,9048,90,Elefante,12,1650,16,Galo,13,7729,77,Camelo,8,2517,25,Cachorro,5,3319,33,Cachorro,5,6724,67,Cabra,6,7598,75,Vaca,25,1140,11,Coelho,10,9588,95,Tigre,22
2026-06-13,sábado,8449,84,Galo,13,1492,14,Urso,23,1000,10,Vaca,25,8647,86,Elefante,12,6640,66,Coelho,10,8828,88,Carneiro,7,3087,30,Tigre,22,5024,50,Cabra,6,0741,07,Cavalo,11,3713,37,Borboleta,4
2026-06-12,sexta-feira,0832,08,Camelo,8,2560,25,Jacaré,15,2230,22,Camelo,8,4809,48,Burro,3,0464,04,Leâo,16,5149,51,Galo,13,1529,15,Camelo,8,3642,36,Cavalo,11,4710,47,Burro,3,4509,45,Burro,3
2026-06-11,quinta-feira,4847,48,Elefante,12,1497,14,Vaca,25,7491,74,Urso,23,5496,54,Veado,24,3764,37,Leâo,16,2793,27,Veado,24,1243,12,Cavalo,11,9124,91,Cabra,6,8300,83,Vaca,25,2498,24,Vaca,25
2026-06-10,quarta-feira,5528,55,Carneiro,7,6699,66,Vaca,25,6778,67,Peru,20,3502,35,Avestruz,1,8258,82,Jacaré,15,2959,29,Jacaré,15,1656,16,Gato,14,2650,26,Galo,13,7273,72,Pavâo,19,1196,11,Veado,24
2026-06-09,terça-feira,8867,88,Macaco,17,3458,34,Jacaré,15,5521,55,Cabra,6,7843,78,Cavalo,11,2955,29,Gato,14,8988,89,Tigre,22,0831,08,Camelo,8,6584,65,Touro,21,4676,46,Pavâo,19,4393,43,Veado,24
2026-06-08,segunda-feira,6353,63,Gato,14,4577,45,Peru,20,1925,19,Carneiro,7,2760,27,Jacaré,15,3021,30,Cabra,6,7221,72,Cabra,6,8677,86,Peru,20,2767,27,Macaco,17,2824,28,Cabra,6,6902,69,Avestruz,1
2026-06-07,domingo,5658,56,Jacaré,15,4032,40,Camelo,8,2223,22,Cabra,6,7000,70,Vaca,25,5936,59,Cobra,9,5420,54,Cachorro,5,5044,50,Cavalo,11,1521,15,Cabra,6,4478,44,Peru,20,5092,50,Urso,23
2026-06-06,sábado,3279,32,Peru,20,4178,41,Peru,20,8380,83,Peru,20,0075,00,Pavâo,19,0524,05,Cabra,6,8909,89,Burro,3,0448,04,Elefante,12,4511,45,Burro,3,9089,90,Urso,23,5679,56,Peru,20
2026-06-05,sexta-feira,6177,61,Peru,20,1566,15,Macaco,17,0727,07,Carneiro,7,4057,40,Jacaré,15,1544,15,Cavalo,11,3241,32,Cavalo,11,1205,12,Águia,2,3549,35,Galo,13,2707,27,Águia,2,1984,19,Touro,21
2026-06-04,quinta-feira,5257,52,Jacaré,15,4052,40,Galo,13,6371,63,Porco,18,5713,57,Borboleta,4,7778,77,Peru,20,0140,01,Coelho,10,9798,97,Vaca,25,5759,57,Jacaré,15,4104,41,Avestruz,1,8458,84,Jacaré,15
2026-06-03,quarta-feira,9993,99,Veado,24,8326,83,Carneiro,7,8657,86,Jacaré,15,4121,41,Cabra,6,3586,35,Tigre,22,6439,64,Coelho,10,1955,19,Gato,14,8124,81,Cabra,6,8983,89,Touro,21,9479,94,Peru,20
2026-06-02,terça-feira,0395,03,Veado,24,0437,04,Coelho,10,0955,09,Gato,14,4805,48,Águia,2,1599,15,Vaca,25,0133,01,Cobra,9,8599,85,Vaca,25,3295,32,Veado,24,0050,00,Galo,13,1280,12,Peru,20
2026-06-01,segunda-feira,1620,16,Cachorro,5,2909,29,Burro,3,7606,76,Águia,2,0019,00,Cachorro,5,5353,53,Gato,14,8469,84,Porco,18,6197,61,Vaca,25,5307,53,Águia,2,3255,32,Gato,14,4938,49,Coelho,10
2026-05-31,domingo,3492,34,Urso,23,3239,32,Coelho,10,2832,28,Camelo,8,0912,09,Burro,3,1347,13,Elefante,12,4914,49,Borboleta,4,6679,66,Peru,20,5694,56,Veado,24,5810,58,Burro,3,8945,89,Elefante,12
2026-05-30,sábado,1598,15,Vaca,25,5221,52,Cabra,6,0737,07,Coelho,10,2490,24,Urso,23,1236,12,Cobra,9,2357,23,Jacaré,15,3808,38,Águia,2,0968,09,Macaco,17,9803,98,Avestruz,1,3645,36,Elefante,12
2026-05-29,sexta-feira,2994,29,Veado,24,0184,01,Touro,21,4243,42,Cavalo,11,7741,77,Cavalo,11,1620,16,Cachorro,5,6357,63,Jacaré,15,8978,89,Peru,20,1505,15,Águia,2,7853,78,Gato,14,8594,85,Veado,24
2026-05-28,quinta-feira,1211,12,Burro,3,8692,86,Urso,23,8481,84,Touro,21,8709,87,Burro,3,6861,68,Leâo,16,1903,19,Avestruz,1,1834,18,Cobra,9,5427,54,Carneiro,7,6814,68,Borboleta,4,2999,29,Vaca,25
2026-05-27,quarta-feira,9465,94,Macaco,17,2137,21,Coelho,10,9771,97,Porco,18,1303,13,Avestruz,1,6351,63,Galo,13,3212,32,Burro,3,7866,78,Macaco,17,9992,99,Urso,23,6067,60,Macaco,17,2907,29,Águia,2
2026-05-26,terça-feira,6843,68,Cavalo,11,4793,47,Veado,24,4824,48,Cabra,6,1437,14,Coelho,10,9252,92,Galo,13,2745,27,Elefante,12,4620,46,Cachorro,5,0681,06,Touro,21,7097,70,Vaca,25,1172,11,Porco,18
2026-05-25,segunda-feira,8212,82,Burro,3,7734,77,Cobra,9,0051,00,Galo,13,3995,39,Veado,24,4042,40,Cavalo,11,9680,96,Peru,20,0846,08,Elefante,12,3454,34,Gato,14,4782,47,Touro,21,1488,14,Tigre,22
2026-05-24,domingo,2228,22,Carneiro,7,9419,94,Cachorro,5,7133,71,Cobra,9,9454,94,Gato,14,9583,95,Touro,21,1194,11,Veado,24,7947,79,Elefante,12,9291,92,Urso,23,6452,64,Galo,13,3604,36,Avestruz,1
2026-05-23,sábado,9718,97,Cachorro,5,6476,64,Pavâo,19,8737,87,Coelho,10,9986,99,Tigre,22,3748,37,Elefante,12,8879,88,Peru,20,2914,29,Borboleta,4,1405,14,Águia,2,2739,27,Coelho,10,6260,62,Jacaré,15
2026-05-22,sexta-feira,8305,83,Águia,2,9642,96,Cavalo,11,1555,15,Gato,14,0554,05,Gato,14,6230,62,Camelo,8,0266,02,Macaco,17,6373,63,Pavâo,19,9719,97,Cachorro,5,8237,82,Coelho,10,9103,91,Avestruz,1
2026-05-21,quinta-feira,8256,82,Gato,14,6802,68,Avestruz,1,0918,09,Cachorro,5,7420,74,Cachorro,5,8437,84,Coelho,10,3576,35,Pavâo,19,1214,12,Borboleta,4,3029,30,Camelo,8,6542,65,Cavalo,11,9585,95,Tigre,22
2026-05-20,quarta-feira,0857,08,Jacaré,15,6721,67,Cabra,6,7191,71,Urso,23,9807,98,Águia,2,4241,42,Cavalo,11,4988,49,Tigre,22,6413,64,Borboleta,4,0762,07,Leâo,16,4897,48,Vaca,25,0579,05,Peru,20
2026-05-19,terça-feira,0583,05,Touro,21,7737,77,Coelho,10,2201,22,Avestruz,1,1757,17,Jacaré,15,7513,75,Borboleta,4,0759,07,Jacaré,15,9339,93,Coelho,10,4268,42,Macaco,17,2508,25,Águia,2,6156,61,Gato,14
2026-05-18,segunda-feira,9917,99,Cachorro,5,5531,55,Camelo,8,4582,45,Touro,21,1343,13,Cavalo,11,0963,09,Leâo,16,6674,66,Pavâo,19,2667,26,Macaco,17,6212,62,Burro,3,6449,64,Galo,13,6734,67,Cobra,9
2026-05-17,domingo,8827,88,Carneiro,7,9778,97,Peru,20,5760,57,Jacaré,15,9452,94,Galo,13,2550,25,Galo,13,2123,21,Cabra,6,2412,24,Burro,3,3018,30,Cachorro,5,3352,33,Galo,13,1295,12,Veado,24
2026-05-16,sábado,4082,40,Touro,21,0004,00,Avestruz,1,2591,25,Urso,23,9240,92,Coelho,10,1332,13,Camelo,8,1149,11,Galo,13,3366,33,Macaco,17,1751,17,Galo,13,9290,92,Urso,23,6908,69,Águia,2
2026-05-15,sexta-feira,4742,47,Cavalo,11,2387,23,Tigre,22,5113,51,Borboleta,4,6188,61,Tigre,22,0082,00,Touro,21,2024,20,Cabra,6,9286,92,Tigre,22,1956,19,Gato,14,2954,29,Gato,14,9780,97,Peru,20
2026-05-14,quinta-feira,4010,40,Burro,3,6479,64,Peru,20,7843,78,Cavalo,11,4037,40,Coelho,10,8258,82,Jacaré,15,4258,42,Jacaré,15,1520,15,Cachorro,5,8213,82,Borboleta,4,7152,71,Galo,13,1769,17,Porco,18
2026-05-13,quarta-feira,7089,70,Urso,23,4371,43,Porco,18,7244,72,Cavalo,11,1183,11,Touro,21,7030,70,Camelo,8,9928,99,Carneiro,7,4657,46,Jacaré,15,4476,44,Pavâo,19,1326,13,Carneiro,7,5601,56,Avestruz,1
2026-05-12,terça-feira,6402,64,Avestruz,1,9102,91,Avestruz,1,1151,11,Galo,13,4919,49,Cachorro,5,0469,04,Porco,18,8802,88,Avestruz,1,0224,02,Cabra,6,3632,36,Camelo,8,2166,21,Macaco,17,7013,70,Borboleta,4
2026-05-11,segunda-feira,7113,71,Borboleta,4,8612,86,Burro,3,0436,04,Cobra,9,4340,43,Coelho,10,0609,06,Burro,3,1882,18,Touro,21,0278,02,Peru,20,6237,62,Coelho,10,9883,98,Touro,21,4318,43,Cachorro,5
2026-05-10,domingo,3669,36,Porco,18,4014,40,Borboleta,4,0170,01,Porco,18,6915,69,Borboleta,4,1200,12,Vaca,25,2087,20,Tigre,22,9092,90,Urso,23,3094,30,Veado,24,3582,35,Touro,21,8342,83,Cavalo,11
2026-05-09,sábado,0105,01,Águia,2,1729,17,Camelo,8,3702,37,Avestruz,1,6076,60,Pavâo,19,9046,90,Elefante,12,5357,53,Jacaré,15,1283,12,Touro,21,0987,09,Tigre,22,9422,94,Cabra,6,9710,97,Burro,3
2026-05-08,sexta-feira,6883,68,Touro,21,0989,09,Urso,23,0773,07,Pavâo,19,1786,17,Tigre,22,1938,19,Coelho,10,4223,42,Cabra,6,5451,54,Galo,13,4509,45,Burro,3,1365,13,Macaco,17,9855,98,Gato,14
2026-05-07,quinta-feira,9229,92,Camelo,8,3402,34,Avestruz,1,3905,39,Águia,2,8750,87,Galo,13,7835,78,Cobra,9,6049,60,Galo,13,6585,65,Tigre,22,7606,76,Águia,2,2878,28,Peru,20,3286,32,Tigre,22
2026-05-06,quarta-feira,7499,74,Vaca,25,4711,47,Burro,3,9311,93,Burro,3,1581,15,Touro,21,7239,72,Coelho,10,9565,95,Macaco,17,2285,22,Tigre,22,1359,13,Jacaré,15,3185,31,Tigre,22,4343,43,Cavalo,11
2026-05-05,terça-feira,3192,31,Urso,23,1679,16,Peru,20,9183,91,Touro,21,1750,17,Galo,13,4958,49,Jacaré,15,6421,64,Cabra,6,7183,71,Touro,21,7658,76,Jacaré,15,7097,70,Vaca,25,3955,39,Gato,14
2026-05-04,segunda-feira,4759,47,Jacaré,15,1619,16,Cachorro,5,8522,85,Cabra,6,7284,72,Touro,21,7363,73,Leâo,16,1366,13,Macaco,17,3196,31,Veado,24,5992,59,Urso,23,2099,20,Vaca,25,4869,48,Porco,18
2026-05-03,domingo,1107,11,Águia,2,1967,19,Macaco,17,5989,59,Urso,23,2542,25,Cavalo,11,6578,65,Peru,20,8370,83,Porco,18,5758,57,Jacaré,15,3851,38,Galo,13,7523,75,Cabra,6,5649,56,Galo,13
2026-05-02,sábado,2290,22,Urso,23,3868,38,Macaco,17,9562,95,Leâo,16,8333,83,Cobra,9,0976,09,Pavâo,19,7344,73,Cavalo,11,0320,03,Cachorro,5,2696,26,Veado,24,9003,90,Avestruz,1,5298,52,Vaca,25
2026-05-01,sexta-feira,5647,56,Elefante,12,8521,85,Cabra,6,7157,71,Jacaré,15,7678,76,Peru,20,0451,04,Galo,13,6537,65,Coelho,10,1808,18,Águia,2,9682,96,Touro,21,5256,52,Gato,14,6749,67,Galo,13
2026-04-30,quinta-feira,1767,17,Macaco,17,8005,80,Águia,2,5168,51,Macaco,17,8251,82,Galo,13,1182,11,Touro,21,0821,08,Cabra,6,3608,36,Águia,2,7247,72,Elefante,12,7703,77,Avestruz,1,6005,60,Águia,2
2026-04-29,quarta-feira,6395,63,Veado,24,6374,63,Pavâo,19,5146,51,Elefante,12,6449,64,Galo,13,0624,06,Cabra,6,0515,05,Borboleta,4,7766,77,Macaco,17,9955,99,Gato,14,5206,52,Águia,2,4046,40,Elefante,12
2026-04-28,terça-feira,4431,44,Camelo,8,6510,65,Burro,3,2785,27,Tigre,22,6039,60,Coelho,10,7667,76,Macaco,17,3777,37,Peru,20,3260,32,Jacaré,15,5030,50,Camelo,8,7175,71,Pavâo,19,2395,23,Veado,24
2026-04-27,segunda-feira,1798,17,Vaca,25,6809,68,Burro,3,7062,70,Leâo,16,7423,74,Cabra,6,6037,60,Coelho,10,4475,44,Pavâo,19,1670,16,Porco,18,1358,13,Jacaré,15,5459,54,Jacaré,15,9061,90,Leâo,16
2026-04-26,domingo,1172,11,Porco,18,4289,42,Urso,23,4361,43,Leâo,16,6817,68,Cachorro,5,3839,38,Coelho,10,9613,96,Borboleta,4,5363,53,Leâo,16,6654,66,Gato,14,7740,77,Coelho,10,2563,25,Leâo,16
2026-04-25,sábado,9843,98,Cavalo,11,8521,85,Cabra,6,6691,66,Urso,23,6208,62,Águia,2,0705,07,Águia,2,1782,17,Touro,21,6532,65,Camelo,8,7114,71,Borboleta,4,0216,02,Borboleta,4,9795,97,Veado,24
2026-04-24,sexta-feira,6281,62,Touro,21,4380,43,Peru,20,1781,17,Touro,21,5731,57,Camelo,8,5201,52,Avestruz,1,3720,37,Cachorro,5,2988,29,Tigre,22,7046,70,Elefante,12,7820,78,Cachorro,5,1575,15,Pavâo,19
2026-04-23,quinta-feira,6443,64,Cavalo,11,3731,37,Camelo,8,7555,75,Gato,14,8567,85,Macaco,17,0777,07,Peru,20,1855,18,Gato,14,8131,81,Camelo,8,0470,04,Porco,18,8271,82,Porco,18,6171,61,Porco,18
2026-04-22,quarta-feira,0988,09,Tigre,22,0959,09,Jacaré,15,0861,08,Leâo,16,9693,96,Veado,24,4984,49,Touro,21,9617,96,Cachorro,5,9366,93,Macaco,17,4734,47,Cobra,9,9965,99,Macaco,17,8348,83,Elefante,12
2026-04-21,terça-feira,2256,22,Gato,14,2490,24,Urso,23,9269,92,Porco,18,9539,95,Coelho,10,1664,16,Leâo,16,7017,70,Cachorro,5,2731,27,Camelo,8,0161,01,Leâo,16,0205,02,Águia,2,3176,31,Pavâo,19
2026-04-20,segunda-feira,1308,13,Águia,2,9994,99,Veado,24,3939,39,Coelho,10,0854,08,Gato,14,9834,98,Cobra,9,0819,08,Cachorro,5,7488,74,Tigre,22,3558,35,Jacaré,15,2440,24,Coelho,10,7778,77,Peru,20
2026-04-19,domingo,7140,71,Coelho,10,4063,40,Leâo,16,5238,52,Coelho,10,9572,95,Porco,18,5997,59,Vaca,25,2416,24,Borboleta,4,1156,11,Gato,14,0070,00,Porco,18,0978,09,Peru,20,5739,57,Coelho,10
2026-04-18,sábado,8314,83,Borboleta,4,9294,92,Veado,24,1005,10,Águia,2,2408,24,Águia,2,7442,74,Cavalo,11,3672,36,Porco,18,1559,15,Jacaré,15,9212,92,Burro,3,1857,18,Jacaré,15,0591,05,Urso,23
2026-04-17,sexta-feira,7709,77,Burro,3,5796,57,Veado,24,6762,67,Leâo,16,1120,11,Cachorro,5,4152,41,Galo,13,9238,92,Coelho,10,5536,55,Cobra,9,6945,69,Elefante,12,0252,02,Galo,13,3777,37,Peru,20
2026-04-16,quinta-feira,4251,42,Galo,13,8895,88,Veado,24,1333,13,Cobra,9,1242,12,Cavalo,11,5402,54,Avestruz,1,9204,92,Avestruz,1,2756,27,Gato,14,0658,06,Jacaré,15,8864,88,Leâo,16,0494,04,Veado,24
2026-04-15,quarta-feira,6012,60,Burro,3,0931,09,Camelo,8,1545,15,Elefante,12,0339,03,Coelho,10,2101,21,Avestruz,1,6421,64,Cabra,6,2395,23,Veado,24,4852,48,Galo,13,1414,14,Borboleta,4,3660,36,Jacaré,15
2026-04-14,terça-feira,8368,83,Macaco,17,1970,19,Porco,18,8933,89,Cobra,9,2969,29,Porco,18,3014,30,Borboleta,4,5887,58,Tigre,22,7886,78,Tigre,22,7965,79,Macaco,17,6191,61,Urso,23,1872,18,Porco,18
2026-04-13,segunda-feira,1327,13,Carneiro,7,4014,40,Borboleta,4,0612,06,Burro,3,3533,35,Cobra,9,1793,17,Veado,24,7621,76,Cabra,6,8953,89,Gato,14,9087,90,Tigre,22,9557,95,Jacaré,15,6622,66,Cabra,6
2026-04-12,domingo,0079,00,Peru,20,0377,03,Peru,20,8205,82,Águia,2,3638,36,Coelho,10,2813,28,Borboleta,4,4726,47,Carneiro,7,4651,46,Galo,13,0028,00,Carneiro,7,1138,11,Coelho,10,7138,71,Coelho,10
2026-04-11,sábado,2232,22,Camelo,8,5823,58,Cabra,6,3671,36,Porco,18,7407,74,Águia,2,6078,60,Peru,20,7534,75,Cobra,9,0718,07,Cachorro,5,5307,53,Águia,2,0909,09,Burro,3,5352,53,Galo,13
2026-04-10,sexta-feira,6288,62,Tigre,22,7820,78,Cachorro,5,3928,39,Carneiro,7,2078,20,Peru,20,3746,37,Elefante,12,7231,72,Camelo,8,6066,60,Macaco,17,2615,26,Borboleta,4,2787,27,Tigre,22,7090,70,Urso,23
2026-04-09,quinta-feira,5883,58,Touro,21,3670,36,Porco,18,7705,77,Águia,2,7703,77,Avestruz,1,9336,93,Cobra,9,2045,20,Elefante,12,6209,62,Burro,3,1323,13,Cabra,6,6887,68,Tigre,22,2655,26,Gato,14
2026-04-08,quarta-feira,1003,10,Avestruz,1,0596,05,Veado,24,1503,15,Avestruz,1,1939,19,Coelho,10,5403,54,Avestruz,1,1155,11,Gato,14,0945,09,Elefante,12,2510,25,Burro,3,9913,99,Borboleta,4,0016,00,Borboleta,4
2026-04-07,terça-feira,6639,66,Coelho,10,5092,50,Urso,23,2860,28,Jacaré,15,3861,38,Leâo,16,2781,27,Touro,21,8459,84,Jacaré,15,4449,44,Galo,13,6451,64,Galo,13,9358,93,Jacaré,15,3259,32,Jacaré,15
2026-04-06,segunda-feira,0890,08,Urso,23,2376,23,Pavâo,19,0467,04,Macaco,17,6265,62,Macaco,17,5763,57,Leâo,16,1221,12,Cabra,6,8225,82,Carneiro,7,7845,78,Elefante,12,0672,06,Porco,18,6457,64,Jacaré,15
2026-04-05,domingo,0251,02,Galo,13,6784,67,Touro,21,3990,39,Urso,23,0501,05,Avestruz,1,5138,51,Coelho,10,3035,30,Cobra,9,5699,56,Vaca,25,0381,03,Touro,21,9264,92,Leâo,16,2590,25,Urso,23
2026-04-04,sábado,1847,18,Elefante,12,8778,87,Peru,20,6615,66,Borboleta,4,2413,24,Borboleta,4,0742,07,Cavalo,11,4350,43,Galo,13,1667,16,Macaco,17,1872,18,Porco,18,1565,15,Macaco,17,6232,62,Camelo,8
2026-04-03,sexta-feira,7804,78,Avestruz,1,7793,77,Veado,24,6369,63,Porco,18,3509,35,Burro,3,0545,05,Elefante,12,0138,01,Coelho,10,1728,17,Carneiro,7,2676,26,Pavâo,19,7870,78,Porco,18,7562,75,Leâo,16
2026-04-02,quinta-feira,7176,71,Pavâo,19,1354,13,Gato,14,5868,58,Macaco,17,1495,14,Veado,24,5551,55,Galo,13,2275,22,Pavâo,19,2797,27,Vaca,25,7517,75,Cachorro,5,0062,00,Leâo,16,5473,54,Pavâo,19
2026-04-01,quarta-feira,7847,78,Elefante,12,7343,73,Cavalo,11,8374,83,Pavâo,19,7306,73,Águia,2,6217,62,Cachorro,5,8636,86,Cobra,9,1739,17,Coelho,10,9270,92,Porco,18,5017,50,Cachorro,5,3487,34,Tigre,22
2026-03-31,terça-feira,5276,52,Pavâo,19,1676,16,Pavâo,19,0339,03,Coelho,10,6878,68,Peru,20,6280,62,Peru,20,0635,06,Cobra,9,5086,50,Tigre,22,1983,19,Touro,21,5699,56,Vaca,25,7454,74,Gato,14
2026-03-30,segunda-feira,0411,04,Burro,3,2729,27,Camelo,8,1515,15,Borboleta,4,7106,71,Águia,2,5095,50,Veado,24,2599,25,Vaca,25,6728,67,Carneiro,7,2594,25,Veado,24,5955,59,Gato,14,6108,61,Águia,2
2026-03-29,domingo,0155,01,Gato,14,3773,37,Pavâo,19,3921,39,Cabra,6,3819,38,Cachorro,5,2217,22,Cachorro,5,7998,79,Vaca,25,6710,67,Burro,3,4853,48,Gato,14,2211,22,Burro,3,6972,69,Porco,18
2026-03-28,sábado,1930,19,Camelo,8,8987,89,Tigre,22,4656,46,Gato,14,0676,06,Pavâo,19,4759,47,Jacaré,15,6570,65,Porco,18,2978,29,Peru,20,4324,43,Cabra,6,6521,65,Cabra,6,8231,82,Camelo,8
2026-03-27,sexta-feira,0393,03,Veado,24,9747,97,Elefante,12,0205,02,Águia,2,6462,64,Leâo,16,7963,79,Leâo,16,8701,87,Avestruz,1,7556,75,Gato,14,7470,74,Porco,18,8760,87,Jacaré,15,3116,31,Borboleta,4
2026-03-26,quinta-feira,3574,35,Pavâo,19,8728,87,Carneiro,7,8788,87,Tigre,22,3306,33,Águia,2,8625,86,Carneiro,7,0368,03,Macaco,17,2248,22,Elefante,12,6704,67,Avestruz,1,2989,29,Urso,23,2257,22,Jacaré,15
2026-03-25,quarta-feira,3950,39,Galo,13,1343,13,Cavalo,11,0843,08,Cavalo,11,4458,44,Jacaré,15,0536,05,Cobra,9,6903,69,Avestruz,1,7574,75,Pavâo,19,3948,39,Elefante,12,1369,13,Porco,18,6090,60,Urso,23
2026-03-24,terça-feira,0907,09,Águia,2,1217,12,Cachorro,5,3232,32,Camelo,8,5195,51,Veado,24,0521,05,Cabra,6,2911,29,Burro,3,5900,59,Vaca,25,3568,35,Macaco,17,9620,96,Cachorro,5,1901,19,Avestruz,1
2026-03-23,segunda-feira,5881,58,Touro,21,3521,35,Cabra,6,7750,77,Galo,13,7124,71,Cabra,6,5530,55,Camelo,8,2300,23,Vaca,25,2282,22,Touro,21,7282,72,Touro,21,0600,06,Vaca,25,2947,29,Elefante,12
2026-03-22,domingo,8087,80,Tigre,22,1828,18,Carneiro,7,5963,59,Leâo,16,9192,91,Urso,23,0288,02,Tigre,22,0474,04,Pavâo,19,3823,38,Cabra,6,7440,74,Coelho,10,1061,10,Leâo,16,4191,41,Urso,23
2026-03-21,sábado,6308,63,Águia,2,8877,88,Peru,20,0452,04,Galo,13,4243,42,Cavalo,11,8740,87,Coelho,10,6220,62,Cachorro,5,5609,56,Burro,3,0307,03,Águia,2,2027,20,Carneiro,7,8282,82,Touro,21
2026-03-20,sexta-feira,2035,20,Cobra,9,9018,90,Cachorro,5,8596,85,Veado,24,4873,48,Pavâo,19,0243,02,Cavalo,11,7946,79,Elefante,12,4007,40,Águia,2,6983,69,Touro,21,3026,30,Carneiro,7,5252,52,Galo,13
2026-03-19,quinta-feira,6731,67,Camelo,8,6031,60,Camelo,8,1765,17,Macaco,17,6359,63,Jacaré,15,2275,22,Pavâo,19,2006,20,Águia,2,8825,88,Carneiro,7,2305,23,Águia,2,3021,30,Cabra,6,1384,13,Touro,21
2026-03-18,quarta-feira,2347,23,Elefante,12,2617,26,Cachorro,5,6973,69,Pavâo,19,5647,56,Elefante,12,3996,39,Veado,24,7916,79,Borboleta,4,0370,03,Porco,18,4865,48,Macaco,17,0284,02,Touro,21,4504,45,Avestruz,1
2026-03-17,terça-feira,7122,71,Cabra,6,8055,80,Gato,14,0360,03,Jacaré,15,9749,97,Galo,13,5398,53,Vaca,25,0263,02,Leâo,16,8722,87,Cabra,6,7668,76,Macaco,17,0359,03,Jacaré,15,2351,23,Galo,13
2026-03-16,segunda-feira,7080,70,Peru,20,7020,70,Cachorro,5,0313,03,Borboleta,4,6420,64,Cachorro,5,2357,23,Jacaré,15,8573,85,Pavâo,19,4631,46,Camelo,8,8469,84,Porco,18,8635,86,Cobra,9,7383,73,Touro,21
2026-03-15,domingo,5495,54,Veado,24,9060,90,Jacaré,15,2576,25,Pavâo,19,0136,01,Cobra,9,5898,58,Vaca,25,3014,30,Borboleta,4,2103,21,Avestruz,1,6731,67,Camelo,8,4090,40,Urso,23,2219,22,Cachorro,5
2026-03-14,sábado,0901,09,Avestruz,1,2976,29,Pavâo,19,9825,98,Carneiro,7,4029,40,Camelo,8,6172,61,Porco,18,6847,68,Elefante,12,8234,82,Cobra,9,5690,56,Urso,23,0077,00,Peru,20,1058,10,Jacaré,15
2026-03-13,sexta-feira,6777,67,Peru,20,7395,73,Veado,24,2948,29,Elefante,12,2071,20,Porco,18,7700,77,Vaca,25,3162,31,Leâo,16,3270,32,Porco,18,6202,62,Avestruz,1,0754,07,Gato,14,3234,32,Cobra,9
2026-03-12,quinta-feira,2526,25,Carneiro,7,5336,53,Cobra,9,4973,49,Pavâo,19,6047,60,Elefante,12,5231,52,Camelo,8,2280,22,Peru,20,3475,34,Pavâo,19,3402,34,Avestruz,1,0040,00,Coelho,10,8565,85,Macaco,17
2026-03-11,quarta-feira,9154,91,Gato,14,4918,49,Cachorro,5,7462,74,Leâo,16,1697,16,Vaca,25,1961,19,Leâo,16,8456,84,Gato,14,9453,94,Gato,14,5424,54,Cabra,6,0293,02,Veado,24,2930,29,Camelo,8
2026-03-10,terça-feira,5034,50,Cobra,9,1315,13,Borboleta,4,2067,20,Macaco,17,6707,67,Águia,2,4405,44,Águia,2,4519,45,Cachorro,5,8623,86,Cabra,6,7358,73,Jacaré,15,2589,25,Urso,23,3136,31,Cobra,9
2026-03-09,segunda-feira,4962,49,Leâo,16,9849,98,Galo,13,1683,16,Touro,21,2094,20,Veado,24,0824,08,Cabra,6,9664,96,Leâo,16,3676,36,Pavâo,19,4798,47,Vaca,25,8483,84,Touro,21,7714,77,Borboleta,4
2026-03-08,domingo,7228,72,Carneiro,7,2858,28,Jacaré,15,5566,55,Macaco,17,8186,81,Tigre,22,8793,87,Veado,24,7094,70,Veado,24,0688,06,Tigre,22,3399,33,Vaca,25,2988,29,Tigre,22,2305,23,Águia,2
2026-03-07,sábado,8551,85,Galo,13,0902,09,Avestruz,1,9234,92,Cobra,9,4280,42,Peru,20,9980,99,Peru,20,7572,75,Porco,18,6117,61,Cachorro,5,1252,12,Galo,13,9360,93,Jacaré,15,5383,53,Touro,21
2026-03-06,sexta-feira,0484,04,Touro,21,0123,01,Cabra,6,0519,05,Cachorro,5,0859,08,Jacaré,15,1992,19,Urso,23,1797,17,Vaca,25,5582,55,Touro,21,8782,87,Touro,21,4519,45,Cachorro,5,5531,55,Camelo,8
2026-03-05,quinta-feira,0814,08,Borboleta,4,5501,55,Avestruz,1,9562,95,Leâo,16,8297,82,Vaca,25,4735,47,Cobra,9,0314,03,Borboleta,4,6601,66,Avestruz,1,4747,47,Elefante,12,9856,98,Gato,14,0989,09,Urso,23
2026-03-04,quarta-feira,5564,55,Leâo,16,0928,09,Carneiro,7,1897,18,Vaca,25,8555,85,Gato,14,2876,28,Pavâo,19,9070,90,Porco,18,2752,27,Galo,13,6593,65,Veado,24,2589,25,Urso,23,7471,74,Porco,18
2026-03-03,terça-feira,5204,52,Avestruz,1,8700,87,Vaca,25,0271,02,Porco,18,0854,08,Gato,14,2394,23,Veado,24,6442,64,Cavalo,11,1744,17,Cavalo,11,0243,02,Cavalo,11,1357,13,Jacaré,15,6269,62,Porco,18
2026-03-02,segunda-feira,9579,95,Peru,20,8190,81,Urso,23,7580,75,Peru,20,2778,27,Peru,20,8799,87,Vaca,25,3277,32,Peru,20,9469,94,Porco,18,3752,37,Galo,13,9487,94,Tigre,22,1680,16,Peru,20
2026-03-01,domingo,3103,31,Avestruz,1,7858,78,Jacaré,15,8790,87,Urso,23,9957,99,Jacaré,15,6030,60,Camelo,8,7432,74,Camelo,8,9410,94,Burro,3,6624,66,Cabra,6,5763,57,Leâo,16,0515,05,Borboleta,4
2026-02-28,sábado,0134,01,Cobra,9,0449,04,Galo,13,9738,97,Coelho,10,3250,32,Galo,13,8905,89,Águia,2,7842,78,Cavalo,11,2946,29,Elefante,12,6078,60,Peru,20,0668,06,Macaco,17,0690,06,Urso,23
2026-02-27,sexta-feira,4108,41,Águia,2,8599,85,Vaca,25,5580,55,Peru,20,0068,00,Macaco,17,7381,73,Touro,21,4440,44,Coelho,10,8782,87,Touro,21,8944,89,Cavalo,11,6566,65,Macaco,17,1122,11,Cabra,6
2026-02-26,quinta-feira,0942,09,Cavalo,11,6252,62,Galo,13,4374,43,Pavâo,19,8370,83,Porco,18,4575,45,Pavâo,19,6996,69,Veado,24,8274,82,Pavâo,19,7915,79,Borboleta,4,0693,06,Veado,24,9990,99,Urso,23
2026-02-25,quarta-feira,9877,98,Peru,20,6307,63,Águia,2,6825,68,Carneiro,7,9713,97,Borboleta,4,6885,68,Tigre,22,7855,78,Gato,14,9080,90,Peru,20,7086,70,Tigre,22,2369,23,Porco,18,5395,53,Veado,24
2026-02-24,terça-feira,9817,98,Cachorro,5,3567,35,Macaco,17,5463,54,Leâo,16,0935,09,Cobra,9,9743,97,Cavalo,11,8750,87,Galo,13,8370,83,Porco,18,2891,28,Urso,23,2569,25,Porco,18,7905,79,Águia,2
2026-02-23,segunda-feira,3378,33,Peru,20,8578,85,Peru,20,2976,29,Pavâo,19,5051,50,Galo,13,0093,00,Veado,24,4687,46,Tigre,22,1476,14,Pavâo,19,6365,63,Macaco,17,0050,00,Galo,13,2655,26,Gato,14
2026-02-22,domingo,5297,52,Vaca,25,5689,56,Urso,23,7569,75,Porco,18,9171,91,Porco,18,7772,77,Porco,18,2810,28,Burro,3,1353,13,Gato,14,9021,90,Cabra,6,8295,82,Veado,24,0991,09,Urso,23
2026-02-21,sábado,4966,49,Macaco,17,5634,56,Cobra,9,4911,49,Burro,3,8974,89,Pavâo,19,7767,77,Macaco,17,9908,99,Águia,2,0895,08,Veado,24,8089,80,Urso,23,9384,93,Touro,21,2944,29,Cavalo,11
2026-02-20,sexta-feira,1052,10,Galo,13,1612,16,Burro,3,8139,81,Coelho,10,2757,27,Jacaré,15,4929,49,Camelo,8,6320,63,Cachorro,5,3754,37,Gato,14,1450,14,Galo,13,7300,73,Vaca,25,6836,68,Cobra,9
2026-02-19,quinta-feira,4725,47,Carneiro,7,9822,98,Cabra,6,8199,81,Vaca,25,0321,03,Cabra,6,0048,00,Elefante,12,8809,88,Burro,3,5731,57,Camelo,8,2499,24,Vaca,25,1295,12,Veado,24,4536,45,Cobra,9
2026-02-18,quarta-feira,5166,51,Macaco,17,8103,81,Avestruz,1,4363,43,Leâo,16,0551,05,Galo,13,9192,91,Urso,23,6584,65,Touro,21,9180,91,Peru,20,4060,40,Jacaré,15,0120,01,Cachorro,5,2739,27,Coelho,10
2026-02-17,terça-feira,5863,58,Leâo,16,4855,48,Gato,14,5870,58,Porco,18,1953,19,Gato,14,0674,06,Pavâo,19,2673,26,Pavâo,19,7044,70,Cavalo,11,6398,63,Vaca,25,6105,61,Águia,2,5375,53,Pavâo,19
2026-02-16,segunda-feira,9977,99,Peru,20,3840,38,Coelho,10,8531,85,Camelo,8,8246,82,Elefante,12,8076,80,Pavâo,19,5068,50,Macaco,17,7307,73,Águia,2,1698,16,Vaca,25,1493,14,Veado,24,0413,04,Borboleta,4
2026-02-15,domingo,8655,86,Gato,14,6717,67,Cachorro,5,5798,57,Vaca,25,1492,14,Urso,23,9400,94,Vaca,25,3802,38,Avestruz,1,5963,59,Leâo,16,2608,26,Águia,2,0564,05,Leâo,16,5906,59,Águia,2
2026-02-14,sábado,5160,51,Jacaré,15,1954,19,Gato,14,9014,90,Borboleta,4,2194,21,Veado,24,8872,88,Porco,18,5246,52,Elefante,12,8793,87,Veado,24,5021,50,Cabra,6,9482,94,Touro,21,9083,90,Touro,21
2026-02-13,sexta-feira,2632,26,Camelo,8,2990,29,Urso,23,7577,75,Peru,20,0565,05,Macaco,17,6214,62,Borboleta,4,5216,52,Borboleta,4,4059,40,Jacaré,15,6167,61,Macaco,17,0929,09,Camelo,8,9641,96,Cavalo,11
2026-02-12,quinta-feira,9567,95,Macaco,17,2489,24,Urso,23,7683,76,Touro,21,2398,23,Vaca,25,9483,94,Touro,21,2843,28,Cavalo,11,3752,37,Galo,13,9358,93,Jacaré,15,3788,37,Tigre,22,1166,11,Macaco,17
2026-02-11,quarta-feira,7923,79,Cabra,6,2284,22,Touro,21,0599,05,Vaca,25,1961,19,Leâo,16,6705,67,Águia,2,0159,01,Jacaré,15,1610,16,Burro,3,1195,11,Veado,24,7341,73,Cavalo,11,1657,16,Jacaré,15
2026-02-10,terça-feira,7535,75,Cobra,9,4546,45,Elefante,12,0144,01,Cavalo,11,2917,29,Cachorro,5,6449,64,Galo,13,2204,22,Avestruz,1,9320,93,Cachorro,5,2454,24,Gato,14,5709,57,Burro,3,0552,05,Galo,13
2026-02-09,segunda-feira,4735,47,Cobra,9,7792,77,Urso,23,2962,29,Leâo,16,8718,87,Cachorro,5,6501,65,Avestruz,1,7771,77,Porco,18,8476,84,Pavâo,19,7978,79,Peru,20,4074,40,Pavâo,19,7362,73,Leâo,16
2026-02-08,domingo,7716,77,Borboleta,4,5155,51,Gato,14,5024,50,Cabra,6,2478,24,Peru,20,1990,19,Urso,23,3151,31,Galo,13,5901,59,Avestruz,1,8929,89,Camelo,8,7027,70,Carneiro,7,5110,51,Burro,3
2026-02-07,sábado,1674,16,Pavâo,19,3563,35,Leâo,16,3673,36,Pavâo,19,1942,19,Cavalo,11,2129,21,Camelo,8,4765,47,Macaco,17,5070,50,Porco,18,0972,09,Porco,18,1241,12,Cavalo,11,1574,15,Pavâo,19
2026-02-06,sexta-feira,2409,24,Burro,3,8957,89,Jacaré,15,1449,14,Galo,13,8704,87,Avestruz,1,9502,95,Avestruz,1,2598,25,Vaca,25,4911,49,Burro,3,5828,58,Carneiro,7,0778,07,Peru,20,8965,89,Macaco,17
2026-02-05,quinta-feira,6230,62,Camelo,8,2265,22,Macaco,17,1450,14,Galo,13,5169,51,Porco,18,1452,14,Galo,13,4037,40,Coelho,10,8549,85,Galo,13,7558,75,Jacaré,15,3367,33,Macaco,17,2465,24,Macaco,17
2026-02-04,quarta-feira,1730,17,Camelo,8,7266,72,Macaco,17,7887,78,Tigre,22,8984,89,Touro,21,9603,96,Avestruz,1,2486,24,Tigre,22,8559,85,Jacaré,15,2453,24,Gato,14,1554,15,Gato,14,6555,65,Gato,14
2026-02-03,terça-feira,3419,34,Cachorro,5,2353,23,Gato,14,1845,18,Elefante,12,8682,86,Touro,21,0034,00,Cobra,9,2633,26,Cobra,9,4409,44,Burro,3,6988,69,Tigre,22,4176,41,Pavâo,19,7333,73,Cobra,9
2026-02-02,segunda-feira,7684,76,Touro,21,8323,83,Cabra,6,7500,75,Vaca,25,6762,67,Leâo,16,6012,60,Burro,3,9671,96,Porco,18,8592,85,Urso,23,3638,36,Coelho,10,1636,16,Cobra,9,6022,60,Cabra,6
2026-02-01,domingo,0787,07,Tigre,22,0140,01,Coelho,10,6532,65,Camelo,8,8094,80,Veado,24,8236,82,Cobra,9,1992,19,Urso,23,2891,28,Urso,23,0827,08,Carneiro,7,2900,29,Vaca,25,9952,99,Galo,13
2026-01-31,sábado,7853,78,Gato,14,6633,66,Cobra,9,4434,44,Cobra,9,8079,80,Peru,20,3166,31,Macaco,17,5697,56,Vaca,25,3439,34,Coelho,10,0853,08,Gato,14,0746,07,Elefante,12,4730,47,Camelo,8
2026-01-30,sexta-feira,3288,32,Tigre,22,4003,40,Avestruz,1,3109,31,Burro,3,6338,63,Coelho,10,4084,40,Touro,21,7021,70,Cabra,6,2587,25,Tigre,22,9221,92,Cabra,6,7041,70,Cavalo,11,5864,58,Leâo,16
2026-01-29,quinta-feira,5269,52,Porco,18,8312,83,Burro,3,2598,25,Vaca,25,1271,12,Porco,18,0110,01,Burro,3,1064,10,Leâo,16,2628,26,Carneiro,7,1936,19,Cobra,9,6183,61,Touro,21,4698,46,Vaca,25
2026-01-28,quarta-feira,2986,29,Tigre,22,5145,51,Elefante,12,9933,99,Cobra,9,4023,40,Cabra,6,7323,73,Cabra,6,4605,46,Águia,2,8744,87,Cavalo,11,6124,61,Cabra,6,0125,01,Carneiro,7,5609,56,Burro,3
2026-01-27,terça-feira,0215,02,Borboleta,4,7661,76,Leâo,16,3126,31,Carneiro,7,7076,70,Pavâo,19,2749,27,Galo,13,4809,48,Burro,3,4830,48,Camelo,8,7159,71,Jacaré,15,5869,58,Porco,18,6008,60,Águia,2
2026-01-26,segunda-feira,6382,63,Touro,21,5715,57,Borboleta,4,4543,45,Cavalo,11,0332,03,Camelo,8,7198,71,Vaca,25,7062,70,Leâo,16,4068,40,Macaco,17,5341,53,Cavalo,11,2055,20,Gato,14,5883,58,Touro,21
2026-01-25,domingo,5135,51,Cobra,9,0556,05,Gato,14,9334,93,Cobra,9,4485,44,Tigre,22,0107,01,Águia,2,7530,75,Camelo,8,2733,27,Cobra,9,7152,71,Galo,13,3527,35,Carneiro,7,8659,86,Jacaré,15
2026-01-24,sábado,2575,25,Pavâo,19,1157,11,Jacaré,15,0653,06,Gato,14,2265,22,Macaco,17,5299,52,Vaca,25,9957,99,Jacaré,15,5025,50,Carneiro,7,2480,24,Peru,20,2275,22,Pavâo,19,2653,26,Gato,14
2026-01-23,sexta-feira,6086,60,Tigre,22,4759,47,Jacaré,15,1722,17,Cabra,6,2916,29,Borboleta,4,4123,41,Cabra,6,0922,09,Cabra,6,1993,19,Veado,24,7560,75,Jacaré,15,8961,89,Leâo,16,2177,21,Peru,20
2026-01-22,quinta-feira,0153,01,Gato,14,8307,83,Águia,2,2699,26,Vaca,25,0830,08,Camelo,8,2882,28,Touro,21,5518,55,Cachorro,5,5915,59,Borboleta,4,2614,26,Borboleta,4,6062,60,Leâo,16,0658,06,Jacaré,15
2026-01-21,quarta-feira,1149,11,Galo,13,0695,06,Veado,24,1186,11,Tigre,22,3390,33,Urso,23,0378,03,Peru,20,8204,82,Avestruz,1,3891,38,Urso,23,1303,13,Avestruz,1,0774,07,Pavâo,19,6593,65,Veado,24
2026-01-20,terça-feira,6978,69,Peru,20,6675,66,Pavâo,19,3963,39,Leâo,16,4152,41,Galo,13,2571,25,Porco,18,5073,50,Pavâo,19,8218,82,Cachorro,5,5442,54,Cavalo,11,3592,35,Urso,23,5219,52,Cachorro,5
2026-01-19,segunda-feira,8540,85,Coelho,10,5849,58,Galo,13,9700,97,Vaca,25,2594,25,Veado,24,2059,20,Jacaré,15,5969,59,Porco,18,9914,99,Borboleta,4,3150,31,Galo,13,5113,51,Borboleta,4,7691,76,Urso,23
2026-01-18,domingo,6614,66,Borboleta,4,1483,14,Touro,21,7569,75,Porco,18,5222,52,Cabra,6,1698,16,Vaca,25,8567,85,Macaco,17,9531,95,Camelo,8,4379,43,Peru,20,9073,90,Pavâo,19,5986,59,Tigre,22
2026-01-17,sábado,9817,98,Cachorro,5,0382,03,Touro,21,3542,35,Cavalo,11,3868,38,Macaco,17,9266,92,Macaco,17,0235,02,Cobra,9,3396,33,Veado,24,6513,65,Borboleta,4,5768,57,Macaco,17,9583,95,Touro,21
2026-01-16,sexta-feira,8840,88,Coelho,10,6069,60,Porco,18,9256,92,Gato,14,4775,47,Pavâo,19,7758,77,Jacaré,15,4886,48,Tigre,22,9319,93,Cachorro,5,0912,09,Burro,3,8135,81,Cobra,9,2245,22,Elefante,12
2026-01-15,quinta-feira,5627,56,Carneiro,7,3902,39,Avestruz,1,2641,26,Cavalo,11,0807,08,Águia,2,3014,30,Borboleta,4,5331,53,Camelo,8,7148,71,Elefante,12,2376,23,Pavâo,19,0076,00,Pavâo,19,2488,24,Tigre,22
2026-01-14,quarta-feira,6124,61,Cabra,6,1388,13,Tigre,22,4657,46,Jacaré,15,7806,78,Águia,2,8804,88,Avestruz,1,9108,91,Águia,2,8164,81,Leâo,16,0987,09,Tigre,22,3146,31,Elefante,12,1713,17,Borboleta,4
2026-01-13,terça-feira,6644,66,Cavalo,11,7092,70,Urso,23,7090,70,Urso,23,1098,10,Vaca,25,0639,06,Coelho,10,9945,99,Elefante,12,6945,69,Elefante,12,7439,74,Coelho,10,7486,74,Tigre,22,0656,06,Gato,14
2026-01-12,segunda-feira,2974,29,Pavâo,19,0102,01,Avestruz,1,2063,20,Leâo,16,5246,52,Elefante,12,0841,08,Cavalo,11,5727,57,Carneiro,7,8088,80,Tigre,22,5065,50,Macaco,17,8531,85,Camelo,8,4180,41,Peru,20
2026-01-11,domingo,0615,06,Borboleta,4,9594,95,Veado,24,9832,98,Camelo,8,2458,24,Jacaré,15,3143,31,Cavalo,11,8712,87,Burro,3,3507,35,Águia,2,1352,13,Galo,13,9156,91,Gato,14,2993,29,Veado,24
2026-01-10,sábado,7056,70,Gato,14,9181,91,Touro,21,2369,23,Porco,18,9404,94,Avestruz,1,7796,77,Veado,24,7637,76,Coelho,10,7030,70,Camelo,8,5391,53,Urso,23,2440,24,Coelho,10,5465,54,Macaco,17
2026-01-09,sexta-feira,6779,67,Peru,20,5056,50,Gato,14,1402,14,Avestruz,1,3233,32,Cobra,9,9439,94,Coelho,10,0081,00,Touro,21,6383,63,Touro,21,2043,20,Cavalo,11,3119,31,Cachorro,5,8670,86,Porco,18
2026-01-08,quinta-feira,3990,39,Urso,23,1100,11,Vaca,25,0529,05,Camelo,8,2925,29,Carneiro,7,5886,58,Tigre,22,8993,89,Veado,24,8839,88,Coelho,10,2562,25,Leâo,16,9254,92,Gato,14,1594,15,Veado,24
2026-01-07,quarta-feira,6570,65,Porco,18,5073,50,Pavâo,19,5588,55,Tigre,22,8894,88,Veado,24,0883,08,Touro,21,3172,31,Porco,18,8622,86,Cabra,6,9956,99,Gato,14,7485,74,Tigre,22,0519,05,Cachorro,5
2026-01-06,terça-feira,4882,48,Touro,21,8218,82,Cachorro,5,2920,29,Cachorro,5,8031,80,Camelo,8,1356,13,Gato,14,4019,40,Cachorro,5,6918,69,Cachorro,5,0751,07,Galo,13,1601,16,Avestruz,1,5702,57,Avestruz,1
2026-01-05,segunda-feira,8796,87,Veado,24,1777,17,Peru,20,3217,32,Cachorro,5,5370,53,Porco,18,6117,61,Cachorro,5,6623,66,Cabra,6,8732,87,Camelo,8,8261,82,Leâo,16,2440,24,Coelho,10,8579,85,Peru,20
2026-01-04,domingo,0603,06,Avestruz,1,5399,53,Vaca,25,4446,44,Elefante,12,6050,60,Galo,13,2497,24,Vaca,25,2661,26,Leâo,16,4893,48,Veado,24,0785,07,Tigre,22,0824,08,Cabra,6,0794,07,Veado,24
2026-01-03,sábado,3471,34,Porco,18,5819,58,Cachorro,5,4363,43,Leâo,16,6051,60,Galo,13,2788,27,Tigre,22,9331,93,Camelo,8,8402,84,Avestruz,1,3515,35,Borboleta,4,8885,88,Tigre,22,0573,05,Pavâo,19
2026-01-02,sexta-feira,0694,06,Veado,24,6728,67,Carneiro,7,9950,99,Galo,13,0709,07,Burro,3,5052,50,Galo,13,0471,04,Porco,18,5321,53,Cabra,6,6472,64,Porco,18,1469,14,Porco,18,8192,81,Urso,23
2025-12-31,quarta-feira,0072,00,Porco,18,5566,55,Macaco,17,0292,02,Urso,23,3261,32,Leâo,16,6280,62,Peru,20,6018,60,Cachorro,5,2687,26,Tigre,22,4808,48,Águia,2,9071,90,Porco,18,3287,32,Tigre,22
2025-12-30,terça-feira,8353,83,Gato,14,8210,82,Burro,3,3468,34,Macaco,17,0535,05,Cobra,9,8946,89,Elefante,12,0132,01,Camelo,8,5147,51,Elefante,12,8051,80,Galo,13,4132,41,Camelo,8,8179,81,Peru,20
2025-12-29,segunda-feira,2911,29,Burro,3,1582,15,Touro,21,8691,86,Urso,23,0387,03,Tigre,22,6615,66,Borboleta,4,0702,07,Avestruz,1,0548,05,Elefante,12,4515,45,Borboleta,4,3576,35,Pavâo,19,5354,53,Gato,14
2025-12-28,domingo,8271,82,Porco,18,9215,92,Borboleta,4,0219,02,Cachorro,5,4660,46,Jacaré,15,3639,36,Coelho,10,8089,80,Urso,23,5824,58,Cabra,6,6821,68,Cabra,6,4149,41,Galo,13,9664,96,Leâo,16
2025-12-27,sábado,3350,33,Galo,13,5755,57,Gato,14,7235,72,Cobra,9,9688,96,Tigre,22,0002,00,Avestruz,1,9412,94,Burro,3,5159,51,Jacaré,15,9878,98,Peru,20,2726,27,Carneiro,7,3632,36,Camelo,8
2025-12-26,sexta-feira,1502,15,Avestruz,1,4894,48,Veado,24,8251,82,Galo,13,9633,96,Cobra,9,0605,06,Águia,2,5898,58,Vaca,25,9843,98,Cavalo,11,4897,48,Vaca,25,1030,10,Camelo,8,5081,50,Touro,21
2025-12-24,quarta-feira,0627,06,Carneiro,7,0204,02,Avestruz,1,4515,45,Borboleta,4,3035,30,Cobra,9,3967,39,Macaco,17,9847,98,Elefante,12,0078,00,Peru,20,7715,77,Borboleta,4,5307,53,Águia,2,7089,70,Urso,23
2025-12-23,terça-feira,0639,06,Coelho,10,0382,03,Touro,21,8123,81,Cabra,6,9211,92,Burro,3,0749,07,Galo,13,0725,07,Carneiro,7,9246,92,Elefante,12,1917,19,Cachorro,5,0692,06,Urso,23,8924,89,Cabra,6
2025-12-22,segunda-feira,9650,96,Galo,13,0931,09,Camelo,8,6682,66,Touro,21,9632,96,Camelo,8,3216,32,Borboleta,4,3762,37,Leâo,16,6471,64,Porco,18,0536,05,Cobra,9,4006,40,Águia,2,1746,17,Elefante,12
2025-12-21,domingo,8989,89,Urso,23,1128,11,Carneiro,7,4420,44,Cachorro,5,7830,78,Camelo,8,6999,69,Vaca,25,6020,60,Cachorro,5,2482,24,Touro,21,5965,59,Macaco,17,5891,58,Urso,23,6805,68,Águia,2
2025-12-20,sábado,0722,07,Cabra,6,2934,29,Cobra,9,7449,74,Galo,13,0397,03,Vaca,25,3700,37,Vaca,25,2119,21,Cachorro,5,7799,77,Vaca,25,3364,33,Leâo,16,5187,51,Tigre,22,1485,14,Tigre,22
2025-12-19,sexta-feira,2313,23,Borboleta,4,2082,20,Touro,21,1173,11,Pavâo,19,1721,17,Cabra,6,0164,01,Leâo,16,5607,56,Águia,2,5508,55,Águia,2,1701,17,Avestruz,1,3069,30,Porco,18,4658,46,Jacaré,15
2025-12-18,quinta-feira,6751,67,Galo,13,5127,51,Carneiro,7,9925,99,Carneiro,7,7722,77,Cabra,6,5940,59,Coelho,10,6412,64,Burro,3,8737,87,Coelho,10,4651,46,Galo,13,8533,85,Cobra,9,9197,91,Vaca,25
2025-12-17,quarta-feira,8720,87,Cachorro,5,5397,53,Vaca,25,6775,67,Pavâo,19,6214,62,Borboleta,4,8381,83,Touro,21,8043,80,Cavalo,11,4494,44,Veado,24,0576,05,Pavâo,19,0934,09,Cobra,9,6383,63,Touro,21
2025-12-16,terça-feira,2170,21,Porco,18,4609,46,Burro,3,6562,65,Leâo,16,7958,79,Jacaré,15,5295,52,Veado,24,8016,80,Borboleta,4,5779,57,Peru,20,9109,91,Burro,3,7401,74,Avestruz,1,5124,51,Cabra,6
2025-12-15,segunda-feira,3025,30,Carneiro,7,2961,29,Leâo,16,2893,28,Veado,24,8105,81,Águia,2,7198,71,Vaca,25,4549,45,Galo,13,9543,95,Cavalo,11,7268,72,Macaco,17,0185,01,Tigre,22,6064,60,Leâo,16
2025-12-14,domingo,3901,39,Avestruz,1,9546,95,Elefante,12,6876,68,Pavâo,19,9396,93,Veado,24,0887,08,Tigre,22,7151,71,Galo,13,3156,31,Gato,14,7329,73,Camelo,8,4003,40,Avestruz,1,3503,35,Avestruz,1
2025-12-13,sábado,9938,99,Coelho,10,3272,32,Porco,18,0415,04,Borboleta,4,4732,47,Camelo,8,8606,86,Águia,2,1651,16,Galo,13,5719,57,Cachorro,5,3900,39,Vaca,25,2800,28,Vaca,25,5477,54,Peru,20
2025-12-12,sexta-feira,2597,25,Vaca,25,3216,32,Borboleta,4,8725,87,Carneiro,7,8433,84,Cobra,9,5113,51,Borboleta,4,5962,59,Leâo,16,6847,68,Elefante,12,6865,68,Macaco,17,5886,58,Tigre,22,7050,70,Galo,13
2025-12-11,quinta-feira,1443,14,Cavalo,11,2374,23,Pavâo,19,8524,85,Cabra,6,9480,94,Peru,20,4606,46,Águia,2,0306,03,Águia,2,2930,29,Camelo,8,4779,47,Peru,20,1557,15,Jacaré,15,4678,46,Peru,20
2025-12-10,quarta-feira,5748,57,Elefante,12,4824,48,Cabra,6,3421,34,Cabra,6,8227,82,Carneiro,7,4113,41,Borboleta,4,2480,24,Peru,20,7721,77,Cabra,6,4396,43,Veado,24,0404,04,Avestruz,1,6271,62,Porco,18
2025-12-09,terça-feira,5292,52,Urso,23,3126,31,Carneiro,7,7313,73,Borboleta,4,3792,37,Urso,23,8611,86,Burro,3,6574,65,Pavâo,19,6851,68,Galo,13,5672,56,Porco,18,9299,92,Vaca,25,8436,84,Cobra,9
2025-12-08,segunda-feira,3301,33,Avestruz,1,0085,00,Tigre,22,8127,81,Carneiro,7,6316,63,Borboleta,4,6485,64,Tigre,22,6359,63,Jacaré,15,1159,11,Jacaré,15,3040,30,Coelho,10,8341,83,Cavalo,11,5805,58,Águia,2
2025-12-07,domingo,1708,17,Águia,2,3302,33,Avestruz,1,9516,95,Borboleta,4,0144,01,Cavalo,11,0070,00,Porco,18,1894,18,Veado,24,9567,95,Macaco,17,7811,78,Burro,3,9874,98,Pavâo,19,0495,04,Veado,24
2025-12-06,sábado,0611,06,Burro,3,4589,45,Urso,23,4117,41,Cachorro,5,1627,16,Carneiro,7,1772,17,Porco,18,9877,98,Peru,20,0462,04,Leâo,16,6666,66,Macaco,17,7220,72,Cachorro,5,5154,51,Gato,14
2025-12-05,sexta-feira,8388,83,Tigre,22,4149,41,Galo,13,5773,57,Pavâo,19,3111,31,Burro,3,1274,12,Pavâo,19,5757,57,Jacaré,15,1961,19,Leâo,16,8582,85,Touro,21,4373,43,Pavâo,19,7856,78,Gato,14
2025-12-04,quinta-feira,6771,67,Porco,18,2754,27,Gato,14,1774,17,Pavâo,19,1876,18,Pavâo,19,0279,02,Peru,20,5601,56,Avestruz,1,6349,63,Galo,13,7875,78,Pavâo,19,9246,92,Elefante,12,2451,24,Galo,13
2025-12-03,quarta-feira,8800,88,Vaca,25,2179,21,Peru,20,9104,91,Avestruz,1,4680,46,Peru,20,2453,24,Gato,14,3425,34,Carneiro,7,7842,78,Cavalo,11,6763,67,Leâo,16,6501,65,Avestruz,1,6214,62,Borboleta,4
2025-12-02,terça-feira,6787,67,Tigre,22,0547,05,Elefante,12,1422,14,Cabra,6,2944,29,Cavalo,11,4583,45,Touro,21,8796,87,Veado,24,2293,22,Veado,24,0151,01,Galo,13,4352,43,Galo,13,4163,41,Leâo,16
2025-12-01,segunda-feira,6862,68,Leâo,16,7644,76,Cavalo,11,1362,13,Leâo,16,6028,60,Carneiro,7,8899,88,Vaca,25,6282,62,Touro,21,9219,92,Cachorro,5,6168,61,Macaco,17,8225,82,Carneiro,7,4625,46,Carneiro,7
2025-11-30,domingo,7519,75,Cachorro,5,3121,31,Cabra,6,9887,98,Tigre,22,3260,32,Jacaré,15,0020,00,Cachorro,5,3613,36,Borboleta,4,5357,53,Jacaré,15,0846,08,Elefante,12,8702,87,Avestruz,1,2793,27,Veado,24
2025-11-29,sábado,1815,18,Borboleta,4,3612,36,Burro,3,8241,82,Cavalo,11,8835,88,Cobra,9,5692,56,Urso,23,0418,04,Cachorro,5,1232,12,Camelo,8,7625,76,Carneiro,7,0253,02,Gato,14,8217,82,Cachorro,5
2025-11-28,sexta-feira,3857,38,Jacaré,15,5387,53,Tigre,22,8439,84,Coelho,10,0889,08,Urso,23,3571,35,Porco,18,1474,14,Pavâo,19,7040,70,Coelho,10,7051,70,Galo,13,7389,73,Urso,23,8830,88,Camelo,8
2025-11-27,quinta-feira,3787,37,Tigre,22,0352,03,Galo,13,1536,15,Cobra,9,9580,95,Peru,20,2558,25,Jacaré,15,1496,14,Veado,24,4241,42,Cavalo,11,2246,22,Elefante,12,8877,88,Peru,20,1504,15,Avestruz,1
2025-11-26,quarta-feira,6012,60,Burro,3,0048,00,Elefante,12,4139,41,Coelho,10,9563,95,Leâo,16,7651,76,Galo,13,2394,23,Veado,24,3988,39,Tigre,22,1089,10,Urso,23,8334,83,Cobra,9,8723,87,Cabra,6
2025-11-25,terça-feira,3466,34,Macaco,17,3307,33,Águia,2,5723,57,Cabra,6,6289,62,Urso,23,4917,49,Cachorro,5,9687,96,Tigre,22,5651,56,Galo,13,4835,48,Cobra,9,0453,04,Gato,14,3960,39,Jacaré,15
2025-11-24,segunda-feira,1440,14,Coelho,10,2527,25,Carneiro,7,9910,99,Burro,3,7692,76,Urso,23,9200,92,Vaca,25,6422,64,Cabra,6,7551,75,Galo,13,6638,66,Coelho,10,5656,56,Gato,14,6077,60,Peru,20
2025-11-23,domingo,5309,53,Burro,3,2844,28,Cavalo,11,5458,54,Jacaré,15,4318,43,Cachorro,5,6207,62,Águia,2,8359,83,Jacaré,15,9129,91,Camelo,8,7754,77,Gato,14,9846,98,Elefante,12,7177,71,Peru,20
2025-11-22,sábado,2551,25,Galo,13,7961,79,Leâo,16,7093,70,Veado,24,9243,92,Cavalo,11,8301,83,Avestruz,1,8036,80,Cobra,9,4117,41,Cachorro,5,4951,49,Galo,13,6794,67,Veado,24,7566,75,Macaco,17
2025-11-21,sexta-feira,5191,51,Urso,23,8240,82,Coelho,10,7430,74,Camelo,8,1317,13,Cachorro,5,6905,69,Águia,2,2081,20,Touro,21,9625,96,Carneiro,7,2924,29,Cabra,6,7136,71,Cobra,9,7797,77,Vaca,25
2025-11-20,quinta-feira,8937,89,Coelho,10,0640,06,Coelho,10,8383,83,Touro,21,8395,83,Veado,24,3480,34,Peru,20,2118,21,Cachorro,5,7674,76,Pavâo,19,5320,53,Cachorro,5,6788,67,Tigre,22,8204,82,Avestruz,1
2025-11-19,quarta-feira,5226,52,Carneiro,7,2770,27,Porco,18,4327,43,Carneiro,7,5215,52,Borboleta,4,0177,01,Peru,20,2000,20,Vaca,25,6115,61,Borboleta,4,5751,57,Galo,13,3132,31,Camelo,8,3756,37,Gato,14
2025-11-18,terça-feira,6554,65,Gato,14,6646,66,Elefante,12,9514,95,Borboleta,4,1770,17,Porco,18,7838,78,Coelho,10,1154,11,Gato,14,3275,32,Pavâo,19,8549,85,Galo,13,0980,09,Peru,20,5597,55,Vaca,25
2025-11-17,segunda-feira,7947,79,Elefante,12,1946,19,Elefante,12,8896,88,Veado,24,7997,79,Vaca,25,9262,92,Leâo,16,8981,89,Touro,21,1625,16,Carneiro,7,2163,21,Leâo,16,5264,52,Leâo,16,3658,36,Jacaré,15
2025-11-16,domingo,7447,74,Elefante,12,1261,12,Leâo,16,1867,18,Macaco,17,1696,16,Veado,24,2118,21,Cachorro,5,9350,93,Galo,13,6749,67,Galo,13,0696,06,Veado,24,2928,29,Carneiro,7,6901,69,Avestruz,1
